,prayer,create_date,answer_date,category,up_vote
0,Hike today? ,29-Mar-2023,,me,
1,How can I have meaningful conversations with Karli while she visits? Especially while Karli is engaged with her friends. , 29-Mar-2023,,family ,
2,Getting metal gate screen for Kit on Friday. Vehicle arrangements? , 29-Mar-2023,,friends ,
3,Visit to Cutting Edge today?, 29-Mar-2023,,me,
4,"Oh Lord my God, I  beg You to save Ryan and Savanna and their marriage. Impart to them wisdom beyond their years to understand what is really important in their lives. Regardless, I trust You to work everything out for their benefit. In Jesus's Name I pray. ", 29-Mar-2023,,family ,
5,Robin is packing food boxes today , 29-Mar-2023,,robin,
6,Bring Booth and Nicki back safely from their California trip to visit their great grandchild , 28-Mar-2023,,brothers and sisters ,
7,Rick's golf game and his relationship with David , 28-Mar-2023,,brothers and sisters ,
8,"Healing for Nicole, Diane's niece, from her nose surgery ", 28-Mar-2023,,brothers and sisters ,
9,Pick up Nick on the way to Gaslight camp? , 27-Mar-2023,,family ,
10,Health and healing for Regina , 27-Mar-2023,,friends ,
11,Marriage of friends of Maggie and Jeremy , 27-Mar-2023,,brothers and sisters ,
12,Video Director Sunday , 27-Mar-2023,,casas,
13,MKS oil change Friday , 27-Mar-2023,,us,
14,Video Director rehearsal Thursday , 27-Mar-2023,,casas,
15,Robin's dentist appointment Thursday , 27-Mar-2023,,robin,
16,DWDM ladies Bible study Tuesday , 27-Mar-2023, 29-Mar-2023,robin,
17,"Call Frank on Tuesday, his birthday ", 27-Mar-2023,,friends ,
18,Where shall we go hiking Tuesday? , 27-Mar-2023, 29-Mar-2023,friends ,
19,Work in the hearts and minds of all who serve You today and those who attend the service today , 26-Mar-2023, 27-Mar-2023,casas,
20,Rest and relaxation today , 26-Mar-2023, 27-Mar-2023,me,
21,Getting ready for stage captain; interacting with the worship and tech team today , 26-Mar-2023, 27-Mar-2023,me,
22,Help us prepare for leading our Bible study discussion with our small group , 26-Mar-2023, 28-Mar-2023,us,
23,Rooster Cogburn's Ostrich Farm with Karli and her friends? Sounds like fun to me and Karli wants to be with her friends. , 26-Mar-2023,,family ,
24,Hike the Preserve today , 25-Mar-2023, 26-Mar-2023,me,
25,"Holy Spirit, grant wisdom about love for Ryan and Savanna so that they stay together choosing love, give them faith to move forward together as they understand God's faithfulness in loving them; but ultimately I trust You to work everything out for their and others' benefit and Your glory ", 25-Mar-2023,,family ,
26,Doctor for health screening? , 24-Mar-2023,,me,
27,Making Arizona state tax credit donation today , 24-Mar-2023, 25-Mar-2023,casas,
28,Making travel arrangements for Karli's visit today , 24-Mar-2023, 25-Mar-2023,family ,
29,"Denisha and her family, draw close to them in their time of grief and provide them with what they need ", 24-Mar-2023,,brothers and sisters ,
30,Change how Ryan and Savanna are thinking so that they will stay together , 22-Mar-2023,,family ,
31,Health and safe travels for Kirk and Bev , 22-Mar-2023, 28-Mar-2023,family ,
32,"Bring Kirk, Bev, Brad, Courtney, and their family in to relationship with You, Lord Jesus; show them the Truth of who You are ", 22-Mar-2023,,family ,
33,Heal and strengthen my knee that is sore from my hike yesterday , 22-Mar-2023, 26-Mar-2023,me,
34,Kim's shed project , 21-Mar-2023,,family ,
35,"Guide my thinking about object design for ""my prayers"" project ", 21-Mar-2023,,me,
36,Heal Kirk and Bev so that they can visit us, 21-Mar-2023, 22-Mar-2023,family ,
37,Thank You for the trails and wildflowers in the beautiful Tortolita Mountains and the opportunity to hike with my buddy Kit, 21-Mar-2023,,me,
38,"My sunburnt nose, cheeks, ankles; healing and protection from melanoma ", 21-Mar-2023, 24-Mar-2023,me,
39,Healing and energy for Pastor Ben, 20-Mar-2023,,brothers and sisters ,
40,Collaboration with Christopher this week? , 20-Mar-2023, 24-Mar-2023,friends ,
41,Bob and Linda birthday brunch on Sunday , 20-Mar-2023, 27-Mar-2023,friends ,
42,Stage Captain on Sunday , 20-Mar-2023, 27-Mar-2023,casas,
43,Window washing on Friday , 20-Mar-2023, 25-Mar-2023,us,
44,Women's Ministry game night for Robin on Friday , 20-Mar-2023, 25-Mar-2023,robin,
45,Hiking with Kit Tuesday or Thursday? Cancel my participation with Weaver's trip to the Stone House on Thursday?, 20-Mar-2023, 21-Mar-2023,me,
46,Stage Captain rehearsal Thursday. , 20-Mar-2023, 24-Mar-2023,me,
47,Casas Connection Wednesday. , 20-Mar-2023, 23-Mar-2023,us,
48,I pray for Your influence and support for Savanna as she goes through this divorce. , 20-Mar-2023,,family ,
49,"Help us, especially Robin, process our grief over Ryan's and Savanna's divorce. ", 20-Mar-2023,,robin,
50,DWDM Bible study for Robin Tuesday? , 20-Mar-2023, 22-Mar-2023,robin,
51,Dermatologist visit for me on Wednesday. Protect me from sunburn and melanoma. , 20-Mar-2023, 23-Mar-2023,me,
52,Safe travels for Su-Ann and closeness to her son and family. Reveal Yourself to her and her family. , 20-Mar-2023,,others ,
53,Protect Kirk and Bev from receiving and passing on the illness of their grandchildren. Restore good health for all in their family. May their visit happen as we all have planned. , 20-Mar-2023, 22-Mar-2023,family ,
54,"My heart goes out to Ryan! Oh Lord, comfort and strengthen him. Show Ryan the way through his grief and give him hope through the pain. Through it all, show Ryan who You are and draw him to You for Your glory. ", 20-Mar-2023,,family ,
55,Take care of everything necessary for everyone in my path today , 18-Mar-2023, 20-Mar-2023,others ,
56,Travel arrangements for Karli's visit , 18-Mar-2023, 25-Mar-2023,family ,
57,Make me sharp as I drive around the golf course so that people are protected , 18-Mar-2023, 20-Mar-2023,me,
58,Protection from the sun while I travel around on the golf cart , 18-Mar-2023, 20-Mar-2023,me,
59,"Healing in a miraculous way for Su-Ann Heng, so that she feels remarkably better today ", 18-Mar-2023, 20-Mar-2023,others ,
60,Giving LIV golf tickets away , 16-Mar-2023, 18-Mar-2023,friends ,
61,Thank you Lord for my connection and conversation with Karli , 16-Mar-2023, 18-Mar-2023,family ,
62,Help me learn what I need to know about the golf course so I can be effective in my role , 16-Mar-2023, 19-Mar-2023,me,
63,"Lord, I think that I have done my part for the next round of policy work, and I await responses. ", 16-Mar-2023, 23-Mar-2023,casas,
64,"Robin getting ready for our guests, how can I help her? ", 16-Mar-2023, 17-Mar-2023,robin,
65,Help me figure out how to create a list of panel objects , 16-Mar-2023, 22-Mar-2023,me,
66,"Karli seemed discouraged, lift her up and give her a desire for a vision for her life ", 15-Mar-2023,,family ,
67,Pastor Glenn and the Bible Project videos I sent him , 15-Mar-2023,,casas,
68,Read up on Jenkins today , 15-Mar-2023, 16-Mar-2023,me,
69,Boulder Pass loop and leg workout today? , 15-Mar-2023, 16-Mar-2023,me,
70,Hiking the golf cart path on the south course tomorrow , 15-Mar-2023, 18-Mar-2023,me,
71,Chores today for visit next week by Kirk and Bev, 15-Mar-2023, 23-Mar-2023,friends ,
72,"My conversation with Karli yesterday is taken as encouragement, follow up? ", 15-Mar-2023, 16-Mar-2023,family ,
73,LIV golf tickets for Friday and Saturday , 15-Mar-2023, 17-Mar-2023,friends ,
74,"Pastor Ben's blog's email feed is down, open ticket with mailchimp support ", 15-Mar-2023, 16-Mar-2023,brothers and sisters ,
75,Where to hike today? , 14-Mar-2023, 15-Mar-2023,friends ,
76,Work with Kris on his project? , 14-Mar-2023, 16-Mar-2023,friends ,
77,Clean up truck interior , 14-Mar-2023,,me,
78,Help me work with Pastor Glenn to reconcile old policy documents , 14-Mar-2023,,casas,
79,"Casas Council meeting tonight, give me the words and guide us in next steps ", 13-Mar-2023, 14-Mar-2023,casas,
80,Go visit artist Lauri K to purchase art work , 13-Mar-2023,,us,
81,"LIV golf volunteer work Friday, Saturday, and Sunday ", 13-Mar-2023, 18-Mar-2023,me,
82,Walter Trout and dinner with Kit and Alison Sunday evening , 13-Mar-2023, 20-Mar-2023,friends ,
83,Responsibility Immersion core module Wednesday? , 13-Mar-2023, 16-Mar-2023,me,
84,Dinner and hand and foot with Eliot and Kathy Thursday , 13-Mar-2023, 17-Mar-2023,friends ,
85,Hiking with Kit Tuesday , 13-Mar-2023, 15-Mar-2023,me,
86,Robin's work as food packer Wednesday , 13-Mar-2023, 17-Mar-2023,robin,
87,Robin's ICS badge pickup Tuesday , 13-Mar-2023, 15-Mar-2023,robin,
88,Robin's women's Bible study Tuesday , 13-Mar-2023, 15-Mar-2023,robin,
89,Robin's book club meeting today , 13-Mar-2023, 14-Mar-2023,robin,
90,Barb's daughter and the situation that she is struggling with , 13-Mar-2023, 27-Mar-2023,brothers and sisters ,
91,"Crystal's husband JR struggling with a health problem, Lord please heal and protect him; guide and direct Crystal as she begins her masters program ", 13-Mar-2023, 24-Mar-2023,brothers and sisters ,
92,Karli and Bible Project video about sin, 12-Mar-2023,,family ,
93,"Art fair at the Jewish Community Center, purchase art?", 12-Mar-2023, 13-Mar-2023,us,
94,"Heal Booth from his vertigo and help him feel better; protect him, Nicki, Dave, Cindy, Rick, Diane, Robin, and me from covid ", 12-Mar-2023, 18-Mar-2023,brothers and sisters ,
95,Dave and Cindy friends visit and traveling around Arizona , 11-Mar-2023,,brothers and sisters ,
96,Body and mind health for David while his parents are traveling; what can I do to help him? , 11-Mar-2023, 23-Mar-2023,brothers and sisters ,
97,Safe travels for Cindy and Dave for their DC trip , 11-Mar-2023, 23-Mar-2023,brothers and sisters ,
98,Safe travels for Diane for Colorado visit with her family , 11-Mar-2023, 28-Mar-2023,brothers and sisters ,
99,LIV golf volunteer assignment , 11-Mar-2023, 15-Mar-2023,me,
100,Wash the front porch? , 10-Mar-2023, 14-Mar-2023,me,
101,Wash the truck? , 10-Mar-2023, 14-Mar-2023,me,
102,Hike today? , 10-Mar-2023, 11-Mar-2023,me,
103,Collaboration with Christopher today , 10-Mar-2023, 12-Mar-2023,trc,
104,Picking up from the Container Store with Dave and Kathy Weaver tomorrow morning , 10-Mar-2023, 12-Mar-2023,friends ,
105,My little welding project , 09-Mar-2023,,me,
106,Summary of the points to make at Casas Council , 09-Mar-2023, 11-Mar-2023,casas,
107,Collaboration with Christopher , 09-Mar-2023, 10-Mar-2023,trc,
108,Hike this morning up to the bench , 09-Mar-2023, 10-Mar-2023,me,
109,"God, You have given me unique gifts for Your glory. Please provide opportunities where I can use what You have given for Your Kingdom. Make me generous with my time and resources. In Jesus’s name, amen.", 09-Mar-2023,,kingdom ,
110,Help me connect with Kim to discuss Gaslight Kids camp for Karli , 08-Mar-2023, 09-Mar-2023,family ,
111,Help me decide which Tech Team scheduling opportunities to accept , 08-Mar-2023, 12-Mar-2023,casas,
112,Guide my thoughts and actions as I process the material that Brittany has provided for Casas Council , 08-Mar-2023, 09-Mar-2023,casas,
113,Implementing the Model-View-Controller pattern and OO design with print(), 07-Mar-2023,,me,
114,Good Friday service? I have a schedule conflict , 07-Mar-2023, 08-Mar-2023,casas,
115,"Keep Angelo and Penny within the rails of Your will, continue to bless them, and keep them healthy ", 07-Mar-2023,,brothers and sisters ,
116,Expand the reach of the Bible Project , 07-Mar-2023,,brothers and sisters ,
117,Email to Myles asking for articles and bylaws , 06-Mar-2023, 08-Mar-2023,casas,
118,Bob's wife Carolyn struggling with chronic obstructive pulmonary disease, 06-Mar-2023,,brothers and sisters ,
119,Pick up LIV credentials Sunday afternoon , 06-Mar-2023, 13-Mar-2023,me,
120,Sunday services and Stage Captain , 06-Mar-2023, 13-Mar-2023,casas,
121,Robin's dermatologist appointment Friday , 06-Mar-2023, 11-Mar-2023,robin ,
122,Small group meeting on Friday , 06-Mar-2023, 11-Mar-2023,brothers and sisters ,
123,LIV orientation Friday evening , 06-Mar-2023, 11-Mar-2023,me,
124,Robin has a manicure Thursday , 06-Mar-2023, 10-Mar-2023,robin ,
125,Stage Captain rehearsal Thursday , 06-Mar-2023, 10-Mar-2023,casas,
126,Robin's lunch with Susan on Thursday , 06-Mar-2023, 10-Mar-2023,robin ,
127,Casas Connection Wednesday evening , 06-Mar-2023, 09-Mar-2023,casas,
128,Robin working at food bank early Wednesday morning , 06-Mar-2023, 09-Mar-2023,robin ,
129,Hiking with Kit Tuesday , 06-Mar-2023, 08-Mar-2023,me,
130,Robin's DWDM ladies's Bible study Tuesday , 06-Mar-2023, 08-Mar-2023,robin ,
131,Help me with camera shot selection and timing , 05-Mar-2023, 06-Mar-2023,casas,
132,Protect me from sexual temptation , 05-Mar-2023,,me,
133,"Completed hanging magnetic board and 6x6 art in the gathering room, thank You Lord, now on to hanging spinner ", 04-Mar-2023, 05-Mar-2023,us,
134,Parts for the camper van arrive and repairs completed quickly , 04-Mar-2023,,us,
135,I pray that Karli watches the Bible Project video about atonement and learns profound truth about Jesus and who she is in You , 04-Mar-2023,,family ,
136,Hike in the snowy desert this morning , 02-Mar-2023, 03-Feb-2023,me,
137,The last sling chair to complete , 02-Mar-2023, 09-Mar-2023,us,
138,Beautiful snow storm in the desert. Thank You Lord. , 02-Mar-2023, 03-Feb-2023,me,
139,"Praying that You, Lord Jesus, will draw Kimberly and Karli to Yourself today ", 02-Mar-2023,,family ,
140,Do a sling chair today? , 01-Mar-2023, 02-Mar-2023,me,
141,How do we follow up with policy committee work? , 01-Mar-2023, 14-Mar-2023,casas,
142,Kirk and Bev visit in March , 01-Mar-2023, 22-Mar-2023,family ,
143,Baraco with Bob and Linda Saturday night , 01-Mar-2023, 05-Mar-2023,friends ,
144,Trivia tonight with Bob and Linda , 01-Mar-2023, 02-Mar-2023,friends ,
145,"My email to Pastor Glenn is received, read, and productive ", 28-Feb-2023, 02-Mar-2023,casas,
146,Safety and warmth for Karli as she awaits Kim's return , 28-Feb-2023, 02-Mar-2023,family ,
147,"Lord Jesus, help me prepare the policy documents for submitting to the Council and to gather my thoughts about what to say at the Council meeting ", 28-Feb-2023, 01-Mar-2023,casas,
148,Preparation of tax documents for Vance , 27-Feb-2023, 28-Feb-2023,us,
149,Email for policy team approval , 27-Feb-2023, 28-Feb-2023,casas,
150,Python boot camp progress this week , 27-Feb-2023, 28-Mar-2023,me,
151,Robin working as packer for food pantry on Saturday , 27-Feb-2023, 05-Mar-2023,robin ,
152,Tucson Museum artist fair on Friday? , 27-Feb-2023, 04-Mar-2023,us,
153,"Video director on Sunday, Sunday services ", 27-Feb-2023, 06-Mar-2023,casas,
154,Video director rehearsal Thursday , 27-Feb-2023, 03-Feb-2023,casas,
155,"Hiking with Kit on Tuesday, where to hike? ", 27-Feb-2023, 01-Mar-2023,me,
156,Weedco yard spraying on Tuesday , 27-Feb-2023, 01-Mar-2023,me,
157,"Robin's and my anniversary, dinner? ", 27-Feb-2023, 02-Mar-2023,us,
158,Pokey LaFarge on Wednesday , 27-Feb-2023, 02-Mar-2023,me,
159,Trivia on Wednesday? , 27-Feb-2023, 01-Mar-2023,us,
160,Back of pantry door shelves project , 27-Feb-2023, 01-Mar-2023,us,
161,Fair weather for the rodeo today , 26-Feb-2023, 27-Feb-2023,brothers and sisters ,
162,Laurie and Karli for Gaslight camp? , 25-Feb-2023, 17-Mar-2023,family ,
163,TRC database maintenance , 25-Feb-2023, 01-Mar-2023,trc,
164,Fair weather for rodeo tomorrow , 25-Feb-2023, 27-Feb-2023,brothers and sisters ,
165,Trip to Lowe's for back of pantry door project , 25-Feb-2023, 26-Feb-2023,robin ,
166,Hike to the bench this morning , 25-Feb-2023, 26-Feb-2023,me,
167,Dave Moilanen's prostrate problem , 25-Feb-2023,,brothers and sisters ,
168,Email to policy committee asking for a thumbs up , 25-Feb-2023, 28-Feb-2023,casas,
169,"Todd Weber, guide him to do the best thing; protect him from the evil one ", 24-Feb-2023,,friends ,
170,"Day 18 of 100 Python boot camp, object oriented programming ", 24-Feb-2023, 25-Feb-2023,me,
171,Seth's preaching this Sunday , 23-Feb-2023, 27-Feb-2023,casas,
172,Safe travels to and from Mexico for Kim, 23-Feb-2023, 02-Mar-2023,family ,
173,No rain and comfort at the rodeo parade this morning , 23-Feb-2023, 24-Feb-2023,brothers and sisters ,
174,Perspective on Pastor Glenn's teaching about understanding the Bible , 23-Feb-2023,,brothers and sisters ,
175,Policy Committee approval and submission to the Council , 23-Feb-2023, 01-Mar-2023,casas,
176,Lucille Yuen and her house situation , 23-Feb-2023,,brothers and sisters ,
177,Volunteer for LIV golf? , 22-Feb-2023, 24-Feb-2023,me,
178,"Lord, please watch out for Karli and keep her safe while Kim is in Mexico. ", 22-Feb-2023, 02-Mar-2023,family ,
179,Cooking camp for Karli? Lord please work it all out. Thank you. , 22-Feb-2023,,family ,
180,Loving others project for today , 22-Feb-2023, 23-Feb-2023,brothers and sisters ,
181,Serving on the Tech Team in April? , 21-Feb-2023, 13-Mar-2023,casas,
182,Hike the Wild Mustang today? , 21-Feb-2023, 22-Feb-2023,me,
183,Josh's responses to my questions? , 21-Feb-2023, 24-Feb-2023,casas,
184,"I praise You for Karli sending me the Oceans video. How can I help Karli understand better who You are, Jesus? ", 21-Feb-2023,,family ,
185,Cookbook for Karli? , 20-Feb-2023,,family ,
186,Karli's new chromebook works well and she sets it up well , 20-Feb-2023, 22-Feb-2023,family ,
187,Hand and foot at Weaver's on Friday , 20-Feb-2023, 25-Feb-2023,friends ,
188,Lunch with Robin today , 20-Feb-2023, 21-Feb-2023,robin ,
189,Connect with Christopher and productive work this week , 20-Feb-2023, 25-Feb-2023,friends ,
190,Casas Connection on Wednesday , 20-Feb-2023, 23-Feb-2023,small group ,
191,Robin's women's ministry meeting Wednesday , 20-Feb-2023, 24-Feb-2023,robin ,
192,Small group meeting tonight about Heaven , 20-Feb-2023, 21-Feb-2023,small group ,
193,Guide me to show what is happening on the platform and give the watchers that sense; bless those watching and bring them to a closer relationship with You , 19-Feb-2023, 20-Feb-2023,casas,
194,Talk to Karli about Jesus during her next visit , 17-Feb-2023,,family ,
195,Voting for Casas Council new members and the process , 17-Feb-2023, 13-Mar-2023,casas,
196,Strength and stamina for Barb Robinson , 17-Feb-2023,,brothers and sisters ,
197,Healing for Nicole's concussion , 17-Feb-2023, 28-Mar-2023,brothers and sisters ,
198,Jael's uncle's heart and health problems , 17-Feb-2023,,brothers and sisters ,
199,Wrap up of ministry year and planning for next year's theme, 16-Feb-2023,,casas,
200,Easter services at Casas, 16-Feb-2023,,casas,
201,Student mission trip to Mexico, 16-Feb-2023, 27-Feb-2023,casas,
202,Talk to Karli about the different kinds of love , 16-Feb-2023,,family ,
203,Casas Church and Casas Christian School Articles of Incorporation and Bylaws , 15-Feb-2023, 09-Mar-2023,casas,
204,Jeep excursion with Dave Weaver , 15-Feb-2023, 17-Feb-2023,friends ,
205,Andy Stanley? , 15-Feb-2023, 16-Feb-2023,casas,
206,"Heal my right big toe, or help me find the best foot doctor in Tucson ", 15-Feb-2023,,me,
207,"Final draft, team approval, and presentation to Casas Council for approval ", 14-Feb-2023, 01-Mar-2023,casas,
208,What are the next steps for CCS or Casas Church policy? , 14-Feb-2023, 14-Mar-2023,casas,
209,"Lord, please work out everything necessary for Kim's septic system ", 13-Feb-2023, 22-Feb-2023,family ,
210,Video Director rehearsal and Sunday services this week , 12-Feb-2023, 20-Feb-2023,casas,
211,Robin's ICS orientation on  Thursday , 12-Feb-2023, 17-Feb-2023,robin ,
212,Robin's women's ministry planning meeting on Wednesday , 12-Feb-2023, 16-Feb-2023,casas,
213,Robin's book club meeting on Monday , 12-Feb-2023, 14-Feb-2023,robin ,
214,Portillo's with Dave and Kathy Weaver on Tuesday , 12-Feb-2023, 15-Feb-2023,us,
215,March devotional for Pastor Ben , 12-Feb-2023, 01-Mar-2023,brothers and sisters ,
216,"Python boot camp: time, mental acuity, and memory ", 11-Feb-2023, 24-Feb-2023,me,
217,Smooth delivery of the correct product for Karli's Chromebook , 10-Feb-2023, 20-Feb-2023,family ,
218,Collaboration with Christopher this morning , 10-Feb-2023, 11-Feb-2023,trc,
219,Guide me to serve others who are less fortunate than me , 10-Feb-2023,,me,
220,Karli's new chromebook arrives in a timely manner and works well , 10-Feb-2023, 20-Feb-2023,family ,
221,"Lord, help me deal appropriately with my judgemental thoughts ", 10-Feb-2023,,me,
222,Stacie and her husband and their visit to our small group , 10-Feb-2023, 09-Mar-2023,small group ,
223,Safety and productivity for Ryan and Becky while traveling in Turkey , 09-Feb-2023, 17-Feb-2023,casas,
224,TCSS rescue at Winkelman? , 09-Feb-2023, 25-Feb-2023,me,
225,Strategic landscape committee and the required training? , 08-Feb-2023, 25-Feb-2023,me,
226,Electric service for Kim and her washer and dryer and storage shed , 08-Feb-2023,,family ,
227,What tools does Kim need that we can provide? , 08-Feb-2023,,family ,
228,Visit Kim upon completion of camper van repairs? , 08-Feb-2023,,family ,
229,Thank You for the red flowering prickly pear cuttings , 08-Feb-2023,,me,
230,What do I do with the additional information from CCS? How do I account for it and improve the policy document?, 08-Feb-2023, 12-Feb-2023,casas,
231,"Lord, give us direction and help us get to end of job in our policy meeting on Monday ", 08-Feb-2023, 14-Feb-2023,casas,
232,LIV golf at the Gallery? Volunteer? , 07-Feb-2023, 22-Feb-2023,me,
233,"Protect and bless Your followers in the Congo, change the hearts of the Muslims that persecute them ", 06-Feb-2023,,brothers and sisters ,
234,Rodeo and parade with our small group , 06-Feb-2023, 24-Feb-2023,small group ,
235,Tubac on Thursday after dropping off the camper van , 06-Feb-2023, 10-Feb-2023,us,
236,Robin has doctor appointment Friday to get lab results , 06-Feb-2023, 11-Feb-2023,robin ,
237,Dropping the camper van off for repair , 06-Feb-2023, 10-Feb-2023,us,
238,Small group meeting this week , 06-Feb-2023, 10-Feb-2023,small group ,
239,Casas Connection Wednesday , 06-Feb-2023, 09-Feb-2023,brothers and sisters ,
240,Hiking with Kit and taking his BMW to the shop Tuesday , 06-Feb-2023, 08-Feb-2023,friends ,
241,Steinklinkers this Tuesday , 06-Feb-2023, 08-Feb-2023,brothers and sisters ,
242,Schedule time for dance practice with Robin , 04-Feb-2023,,us,
243,Help me understand how I attribute meaning to Robin's words and catch myself before I respond , 04-Feb-2023,,me,
244,"Four wheeling today with Dave Weaver; keep us all safe, help me build my relationships ", 04-Feb-2023, 05-Feb-2023,friends ,
245,Bless Giovanni as well as Ezra and Monique as they go through the adoption process , 03-Feb-2023,,brothers and sisters ,
246,Heal Abel from his gall bladder surgery , 03-Feb-2023, 17-Feb-2023,brothers and sisters ,
247,"Grant Anna relief from the pressures of her relationships and protect her children from negative influences, work everything out for their good ", 03-Feb-2023,,brothers and sisters ,
248,Help me understand where I am at contextually amongst the fast moving details of the video camera streams , 03-Feb-2023, 06-Feb-2023,me,
249,"Help me understand Flask through the training course, help me find and schedule the time ", 02-Feb-2023,,me,
250,Help me figure out all of the information requests that I have made to Josh and others , 02-Feb-2023, 03-Feb-2023,casas,
251,Help me figure out my request for Brittany about past Casas Council policy approvals , 02-Feb-2023, 03-Feb-2023,casas,
252,"Lord, guide me and our team in getting to end of job with harassment policy approval ", 02-Feb-2023, 14-Feb-2023,casas,
253,Gem and Mineral Show with Robin today. A date! May we have a great time together. , 01-Feb-2023, 02-Feb-2023,us,
254,Help me with a follow up conversation with Karli about what we talked about and a discussion about the meaning of love. , 30-Jan-2023, 17-Feb-2023,family ,
255,Josh's and Myles's review of policy documents , 30-Jan-2023, 14-Feb-2023,casas,
256,Linda's and Bob's recovery from covid , 30-Jan-2023, 19-Feb-2023,casas,
257,Hiking with Kit Tuesday , 30-Jan-2023, 01-Feb-2023,me,
258,Robin's colonoscopy today , 30-Jan-2023, 31-Jan-2023,robin ,
259,Video Director preparation and rehearsal this week , 30-Jan-2023, 06-Feb-2023,casas,
260,Dermatologist appointment Wednesday , 30-Jan-2023, 02-Feb-2023,me,
261,Next iteration of CCS policy documents , 30-Jan-2023, 07-Feb-2023,casas,
262,Bob and Deneena reviewing policy documents , 29-Jan-2023, 04-Feb-2023,casas,
263,Bless Christy as she grapples with being let go , 29-Jan-2023,,casas,
264,Giving Tuesday for Casas. , 29-Nov-2022, 30-Nov-2022,casas,
265,"I am feeling down, ever since last night after coming home from Christmas at Casas rehearsal. What's going on in me? I don't like being the video switcher because I am so isolated from what is happening in the sanctuary and from people. Kimberly not talking to me. Lack of physical contact with Robin. I have doubts about this Trico board thing. Long driving trip coming up. Is it Christmas time, remembering feelings about not ever having the ""perfect"" family in my life? The feeling of disconnect from family, friends, and people in general? Lord, help me understand what I am feeling and its source so I can take responsibility for pursuing what I want in this situation. 
Lord, You are an awesome God. I am trusting in You, that You are working everything out for my benefit despite how I feel at any given moment. I choose not to dwell in my feelings of fear, loneliness, grief, or sadness. For You are a great God, You are my God. Thank You, Lord Jesus. ", 23-Dec-2022, 25-Dec-2022,me,
266,Health and healing for Pastor Glenn so he can return to us, 27-Jan-2023, 30-Jan-2023,casas,
267,Finish travel arrangements for river cruise , 27-Jan-2023, 23-Mar-2023,us,
268,Permit to hike rim to rim , 27-Jan-2023,,me,
269,Completing first draft of harassment policy , 27-Jan-2023, 29-Jan-2023,casas,
270,Sending out Policy Team meeting minutes , 27-Jan-2023, 28-Jan-2023,casas,
271,Visit Kim?, 27-Jan-2023,,us,
272,Quickly repair damage to the camper van , 27-Jan-2023,,us,
273,Feed the Children at OVCN, 27-Jan-2023, 12-Feb-2023,small group ,
274,Have the doors for the camper van been ordered? , 24-Jan-2023, 25-Jan-2023,us,
275,Next step for Python project? , 24-Jan-2023, 02-Feb-2023,me,
276,What shall I prepare for our small group meeting? , 24-Jan-2023, 27-Jan-2023,small group ,
277,Hiking Blackett's Ridge with Kit and Jason , 24-Jan-2023, 25-Jan-2023,friends ,
278,Invite Stacie and her husband Andy to our small group? , 23-Jan-2023, 10-Feb-2023,small group ,
279,Buraco with Bob and Linda on Saturday , 23-Jan-2023, 29-Jan-2023,friends ,
280,Hand and foot Friday at Brumberger's, 23-Jan-2023, 29-Jan-2023,friends ,
281,Casas Connection on Wednesday , 23-Jan-2023, 26-Jan-2023,small group ,
282,Help me prepare for our small group meeting on Thursday , 23-Jan-2023, 27-Jan-2023,small group ,
283,Dishwasher installation on Wednesday , 23-Jan-2023, 26-Jan-2023,us,
284,Policy team meeting with Bob and Deneena Thursday afternoon , 23-Jan-2023, 29-Jan-2023,casas,
285,Dentist this morning , 23-Jan-2023, 24-Jan-2023,me,
286,Blackett's Ridge hike with Kit and Jason? , 23-Jan-2023, 24-Jan-2023,friends ,
287,Camping at Organ Pipe? , 21-Jan-2023, 26-Jan-2023,us,
288,Hike to the bench with Kit and Jason , 21-Jan-2023, 22-Jan-2023,friends ,
289,Chef's knives for Karli? , 21-Jan-2023,,family ,
290,Barniminium for Kim , 20-Jan-2023, 29-Jan-2023,family ,
291,Camper van oil change , 20-Jan-2023, 04-Feb-2023,me,
292,"P.E.S. dinner with Linda, Bob, Laurie, Robin on Friday ", 20-Jan-2023, 18-Feb-2023,friends ,
293,Casas Council meeting on Sunday , 19-Jan-2023, 23-Jan-2023,casas,
294,To Kill a Mockingbird play and dinner with Kit and Alison Saturday , 19-Jan-2023, 22-Jan-2023,friends ,
295,Connecting with Christopher and next steps , 19-Jan-2023, 25-Jan-2023,trc ,
296,Waterman Peak with Jason? , 19-Jan-2023, 21-Jan-2023,family ,
297,Pastor Ben's devotional for February , 19-Jan-2023, 12-Feb-2023,brothers and sisters ,
298,Casas Christian School policy analysis; what is the simplest thing? , 19-Jan-2023, 28-Jan-2023,casas,
299,Worship team rehearsal tonight. , 19-Jan-2023, 20-Jan-2023,casas,
300,Help me connect with Myles and Bob regarding CC committee for CCS policy. , 18-Jan-2023, 19-Jan-2023,casas,
301,"Lord, give us joy this  morning in the situation for getting the camper van fixed.", 18-Jan-2023, 19-Jan-2023,us,
302,"Lord, make me comfortable and give me the words during my Trico interview this morning. May Your will be done in this situation and in my life. Thank You, Lord Jesus! ", 18-Jan-2023, 19-Jan-2023,me,
303,"Soothe the hearts of Sallie and Kevin Inch as they deal with the passing of their daughter Sarah. Lord, reveal Yourself to them and all who mourn with them. ", 18-Jan-2023,,friends ,
304,Hike with Jason this morning. Guide us and keep us safe. What do we want to talk about? , 17-Jan-2023, 18-Jan-2023,family ,
305,"Thank You, Lord, for my phone conversation with Karli yesterday about drugs and addiction. Thank You for Kimberly being drug and alcohol free, and its example for Karli. ", 17-Jan-2023, 30-Jan-2023,family ,
306,"Lord, thank You for Pastor Ryan and his sharing with us. Bless him and his family. Guard and keep his daughter as she navigates school. ", 16-Jan-2023, 19-Jan-2023,brothers and sisters ,
307,Guide me and my feet as I  hike in the wet this morning. , 16-Jan-2023, 17-Jan-2023,me,
308,Help me prepare my list in preparation for my Trico interview., 16-Jan-2023, 18-Jan-2023,me,
309,"Lord, I cry out for my buddy Mike Smith, his wife Lynne, and his children Sarah and Brian and his family. You can change their lives. Help me stay in relationship and be friends, love them, and stay connected. Lord, please draw them to You and save them. ", 16-Jan-2023,,friends ,
310,I want to worship You in Spirit and Truth today. May we glorify You. Work in the hearts and minds of people in the service today. , 15-Jan-2023, 16-Jan-2023,casas,
311,How can I connect with Karli to help her learn important truths? I think about that podcast about drug addiction. I think about sex and how it distorts relationship development. I think about the work that Karli will do for her life. I think about the Truth Your Word and how to get Karli to know You and understand. , 15-Jan-2023, 17-Jan-2023,family ,
312,"Lord Jesus, help me with everything that I am doing this week. Unloading the van and getting it ready for the body shop. Working with Josh. Trico interview. Van damage inspection by Progressive. Trip to body shop. Worship Team rehearsal and stage captain. ", 14-Jan-2023, 19-Jan-2023,me,
313,"Feeling a bit strange, like I am getting ill. Lord, help me get over this quickly so I can attend to things. Thank You Lord. ", 14-Jan-2023, 15-Jan-2023,me,
314,Guide Josh and Casas through the process of ending Ahern's employment. Protect Casas and CCS from retaliation and lawsuit. , 13-Jan-2023, 23-Jan-2023,casas,
315,Bless and guide Mr. Ahern as he goes through the process of letting him go. Help him understand and accept. , 13-Jan-2023, 23-Jan-2023,casas,
316,Prepare me for my Trico interview. Give me the words. Give me confidence., 13-Jan-2023, 18-Jan-2023,me,
317,Help me process the Trico reading material in preparation for my interview , 12-Jan-2023, 13-Jan-2023,me,
318,Help me help Josh as we have our work session to plan for process Improvements. , 12-Jan-2023, 18-Jan-2023,casas,
319,"Help Christopher's efforts to find healing yield results, like his infrared sauna ", 12-Jan-2023, 01-Mar-2023,friends ,
320,"Help Lauren, Matt, Tom, and Diane as they grieve the passing of Donna", 12-Jan-2023,,brothers and sisters ,
321,Safe travels and a great time visiting Shiner brewery , 11-Jan-2023, 12-Jan-2023,us,
322,Bless Tom Avery with the finance job that he seeks , 11-Jan-2023, 10-Mar-2023,friends ,
323,Show Glenn's brother in law Matt the best way , 10-Jan-2023,,brothers and sisters ,
324,Guide Chandler to the place that You want him to be , 10-Jan-2023,,brothers and sisters ,
325,Guide Glenn and Angie in dealing with their brother in law Matt, 10-Jan-2023,,brothers and sisters ,
326,Lord help me give the best guidance to Kim about her housing steps , 10-Jan-2023, 17-Jan-2023,family ,
327,Lord help Casas hire the best financial person , 10-Jan-2023, 14-Mar-2023,casas,
328,Help me communicate with Myles about the next steps for working with Josh , 10-Jan-2023, 11-Jan-2023,casas,
329,Lord help Kim navigate through the maze of county and local government with her home building , 10-Jan-2023,,family ,
330,Lord show Kim the way forward with the mobile home purchase , 10-Jan-2023, 11-Jan-2023,family ,
331,Help me recognize my triggers before they happen so I can understand what's going on in me and choose my response , 08-Jan-2023,,me,
332,Planning for our trip for the river cruise , 07-Jan-2023, 27-Jan-2023,us,
333,Safety and a great time together as we go to Winter Garden , 07-Jan-2023, 08-Jan-2023,,
334,Help Pastor Ben process my recommendation for freedom in Christ devotional , 07-Jan-2023, 11-Jan-2023,me,
335,Give me the words and help me through the Trico interview process , 07-Jan-2023, 19-Jan-2023,me,
336,"Lord, heal my nose bleeds ", 07-Jan-2023,,me,
337,Productive conversation with Kim about her feelings that I do not help her, 06-Jan-2023,,family ,
338,"Fixing the rear doors of the van, which body shop? ", 06-Jan-2023, 14-Jan-2023,me,
339,Christopher feels well enough to visit with us, 06-Jan-2023, 11-Jan-2023,friends ,
340,Safe travels home, 06-Jan-2023, 14-Jan-2023,us,
341,"Casas Council meeting Monday ; help me report out in a meaningful way, give me a great Zoom connection ", 06-Jan-2023, 11-Jan-2023,casas,
342,"Bring Mike and Lynne and their family Sarah, Brian, and Courtney to You, Lord.", 01-Jan-2023,,friends ,
343,Keep us safe and healthy during our Florida trip , 22-Dec-2022, 14-Jan-2023,us,
344,Keep the van operating well throughout our trip , 22-Dec-2022, 14-Jan-2023,us,
345,Robin feels great throughout our travel to Florida and back , 22-Dec-2022, 14-Jan-2023,robin ,
346,Preparing the van and all else for our Florida trip , 22-Dec-2022, 01-Jan-2023,us,
347,"Kris and Lisa, guide them to Christmas at Casas and do something amazing in their lives ", 22-Dec-2022, 25-Dec-2022,friends ,
348,Petition signatures , 22-Dec-2022, 23-Dec-2022,me,
349,Christmas at Casas rehearsal and service; bless and protect those that serve and those that attend. Bring many., 21-Dec-2022, 25-Dec-2022,casas,
350,TRC strategy summary for Christopher in preparation for Kevin discussion , 21-Dec-2022, 22-Dec-2022,trc,
351,January 2023 devotional , 21-Dec-2022, 07-Jan-2023,me,
352,What is a good way to handle debug code? , 21-Dec-2022, 22-Dec-2022,me,
353,Get Trico petition app working and get signers , 21-Dec-2022, 23-Dec-2022,me,
354,Health and healing for Brittany's daughter (Elery?), 19-Dec-2022,,brothers and sisters ,
355,My_Prayers next step : database? , 19-Dec-2022, 20-Dec-2022,me,
356,"Driving to Orlando and meeting our friends Mike and Lynne, Christopher, and perhaps PB and Mel", 19-Dec-2022, 11-Jan-2023,us,
357,"This week: visit with Jim and Diane, dinner with Kris, Christmas at Laurie's and Robert's (meeting new people), Christmas at Casas rehearsal and service, getting ready for trip to Orlando ", 19-Dec-2022, 25-Dec-2022,friends ,
358,Safe travels and a great family visit for Diane. , 18-Dec-2022, 22-Jan-2023,brothers and sisters ,
359,Apply to become a Trico board member? , 18-Dec-2022, 21-Dec-2022,me,
360,Visit Pastor Ben and Mel while we are in Florida? , 18-Dec-2022, 03-Jan-2023,brothers and sisters ,
361,Safe travels and a meaningful time for Bob and Linda during their Christmas visit with their family. , 18-Dec-2022, 14-Jan-2023,friends ,
362,"Bless Bob and Linda Placzcik and their family. Draw them to You, Lord Jesus. ", 17-Dec-2022,,friends ,
363,Bob and Linda are coming over for baraco tonight! Help Bob and me with our change in strategy! May Robin and I reflect Your love in such a way that they want You. , 17-Dec-2022, 18-Dec-2022,friends ,
364,David Lopez and his family , 16-Dec-2022,,casas,
365,"Jesus, help me get continuous integration working ", 16-Dec-2022, 19-Dec-2022,me,
366,"Instead, be kind to each other, tenderhearted, forgiving one another, just as God through Christ has forgiven you.
Ephesians 4:32 NLT
https://bible.com/bible/116/eph.4.32.NLT I hurt my daughter Kimberly, acknowledge that and ask for her forgiveness ", 16-Dec-2022, 17-Dec-2022,family ,
367,"Let the morning bring me word of your unfailing love, for I have put my trust in you. Show me the way I should go, for to you I entrust my life.
Psalm 143:8 NIV
https://psalm.bible/psalm-143-8 
Jesus, guide me as I work with Casas Council and leadership to improve the incident response process.", 16-Dec-2022, 16-Feb-2023,casas,
368,Guide Josh to grow in leadership abilities; use me to help him., 15-Dec-2022,,casas,
369,Provide Myles with what he needs to be a great leader; use me to help him , 14-Dec-2022,,casas,
370,Working with Josh to plan process improvements , 14-Dec-2022, 18-Jan-2023,casas,
371,"Pain in my big toe, the ball of my right foot, what to do about it? Lord, guide me and heal me. ", 13-Dec-2022, 21-Dec-2022,me,
372,"Wisdom, clarity, and guidance for Myles as he leads the church team ", 13-Dec-2022,,casas,
373,"Lord Jesus, guide me as I seek to meet with Myles to talk about the CCS incident ", 13-Dec-2022, 14-Dec-2022,casas,
374,Sign up for HSM trip to Rocky Point?, 12-Dec-2022, 17-Jan-2023,family ,
375,Help me connect with Kim this week , 12-Dec-2022, 01-Jan-2023,family ,
376,"Sovereign Lord, thank You that You are in ultimate control of my life and of history. Thank You that through Jesus, I am assured of the ultimate triumph of good over evil. Help me to make a difference in Your plans to overcome evil with good.", 12-Dec-2022,,me,
377,"Help me love people as the intention for this week's activities: CCS AAR, Tucson Botanical Garden visit with Laurie and Robert, worship team Sunday rehearsal, Christmas at Casas rehearsal, small group dinner and study, creative cooking ", 12-Dec-2022, 19-Dec-2022,me,
378,Help me prepare for video directing this week , 12-Dec-2022, 18-Dec-2022,casas,
379,Drive to visit Kimberly and help her with the new RV?, 12-Dec-2022, 18-Dec-2022,family ,
380,"How do I show Kimberly that I love and support her? Lord, guide me to show Kimberly that I love her. Help Kimberly know that. It feels like I have to earn Kimberly's love, that it is conditional, based upon meeting her expectations.", 12-Dec-2022,,me,
381,"First video director assignment, Lord, help me!", 10-Dec-2022, 19-Dec-2022,me,
382,New campaign for sending coping-to-thriving emails , 07-Dec-2022, 14-Dec-2022,trc,
383,Restart dance practice with Robin? , 05-Dec-2022,,robin ,
384,"Much going on this week. Hiking with Laurie, Dave Weaver, Kit, Mavericks at the Fox, 4th Avenue Street Fair, TRC work, camera 1 for Christmas at Casas, collaboration with Christopher and Kevin, eye doctor, Cindy's knee surgery. Lord, help me love. ", 05-Dec-2022, 12-Dec-2022,me,
385,My hike today with Laurie. Talk about love and what is going on in our church. , 05-Dec-2022, 06-Dec-2022,family ,
386,"Holy Spirit, come upon Eliot and Kathy Brumberger and show them who Jesus is ", 04-Dec-2022,,friends ,
387,"Holy Spirit, come upon Dave and Kathy Weaver and show them who Jesus is ", 04-Dec-2022,,friends ,
388,What is my vision for the next phase of my life? For what has God prepared me? , 03-Dec-2022,,me,
389,Schedule and conduct of CCS AAR, 03-Dec-2022, 13-Dec-2022,casas ,
390,Replacing slings on patio chairs , 03-Dec-2022, 09-Mar-2023,me,
391,Diane's elderly friend , 03-Dec-2022, 27-Jan-2023,brothers and sisters ,
392,"Health, joy, and protection for Josh and Jenny Kempf and their family Embry (5), Haven (11), and Asher (13)", 02-Dec-2022,,brothers and sisters ,
393,Meeting Sunday for new cameras. Help us understand that this is all about You. , 01-Dec-2022, 06-Dec-2022,casas,
394,Small group dinner and fellowship tomorrow evening , 01-Dec-2022, 03-Dec-2022,brothers and sisters ,
395,Prepare and be with Cindy and her doctors for knee replacement surgery , 01-Dec-2022, 08-Dec-2022,brothers and sisters ,
396,Bring in a part time school counselor? , 29-Nov-2022, 23-Jan-2023,casas,
397,"Help me devise a plan for addressing the organizational problems of CCS. Can ACSI help do an organizational review? How do we build trust between school leadership, teachers, and students? ", 29-Nov-2022, 23-Jan-2023,casas,
398,My meeting with Josh Kempf to finalize the AAR plan and schedule. Ask Josh how I can best help him., 29-Nov-2022, 03-Dec-2022,casas,
399,"How can I best support my daughter Kimberly? Kim doesn't feel like I am supportive and that bothers me. Lord, help me do what is best for her. ", 29-Nov-2022,,family ,
400,Speedy recovery from the flu for Josh Kempf and his son , 28-Nov-2022, 02-Dec-2022,brothers and sisters ,
401,What about finding Brian Kidd?, 28-Nov-2022,,family ,
402,Help with the AAR charter at Casas Council meeting this evening. , 28-Nov-2022, 29-Nov-2022,,
403,Thank you Lord Jesus for my restoration of logseq data! Please keep me from losing data. , 28-Nov-2022, 06-Dec-2022,casas,
404,Help me be supportive and be there for Kim and Karli , 27-Nov-2022,,family ,
405,"Help Anthony get through withdrawal. Strengthen his mind, heart, and will.", 27-Nov-2022,,family ,
406,Help Karli as she changes her hairstyle , 27-Nov-2022, 10-Dec-2022,family ,
407,"Busy this week:  bocce sub, small group, Casas Council meeting, Casas Connection, hand and foot at our house, Oro Valley Art Fair. Lord Jesus, guide us and help us show You as we mingle with people. ", 27-Nov-2022, 05-Dec-2022,other,
408,"Casas Council meeting Monday. Lord Jesus, help us act productively especially with the Casas Christian School matter. ", 27-Nov-2022, 29-Nov-2022,,
409,Peace of mind and trust that You Lord will protect and guide Kim and Karli , 26-Nov-2022,,family ,
410,Preparing and smoking the turkey breast as well as everything else that we want to do , 24-Nov-2022, 25-Nov-2022,family ,
411,Hiking with Kris? , 24-Nov-2022, 25-Nov-2022,friends ,
412,Hiking with Jason?, 24-Nov-2022, 25-Nov-2022,family ,
413,Work in Anthony's heart and mind to heal and set him straight toward You , 24-Nov-2022,,family ,
414,Safety and peace for Kim and Karli , 24-Nov-2022,,family ,
415,"Lord, help me prepare for tomorrow's guests and provide whatever Robin wants.", 23-Nov-2022, 25-Nov-2022,family ,
416,"Lord, watch over Kimberly and Karli as they grapple with their circumstances. Keep them safe from every kind of evil and harm. Heal Anthony's mind and body, giving him the desire and strength to overcome his addictions. Show them the way through dealing with their RV and housing problems. Holy Spirit, come upon me as I ask for help and come upon them and those that are in position to help. ", 23-Nov-2022, 24-Feb-2023,family ,
417,Christmas at Casas. Bless all who participate in service delivery and all who attend., 22-Nov-2022, 07-Jan-2023,casas,
418,"Help me prepare for the next steps of the AAR; getting CCS background materials, meeting with Josh, Bob's role, team members, sponsors' engagement, board presentation ", 22-Nov-2022, 03-Dec-2022,casas,
419,"Lord, help me with my unbelief, increase my faith ", 22-Nov-2022,,me,
420,Smoke turkey and help Robin get ready and hosting Thanksgiving dinner , 21-Nov-2022, 25-Nov-2022,family ,
421,"Thanksgiving dinner with Laurie, Robert, Kris, and Lisa", 21-Nov-2022, 25-Nov-2022,family ,
422,Small group tomorrow , 21-Nov-2022, 23-Nov-2022,,
423,"Hiking with Kris, Kit, and Dave Weaver tomorrow ", 21-Nov-2022, 23-Nov-2022,,
424,Meeting with Myles Bingham today about the incident response AAR, 21-Nov-2022, 22-Nov-2022,casas ,
425,"Lord, give Kimberly, Karli, Ryan, and Savanna new hearts, and put new spirits in them. Take out their stony, stubborn hearts and give them tender, responsive hearts. And put Your Spirit in them so that they follow Your decrees and are careful to obey Your regulations. Ezekiel 36:26‭-‬27 NLT", 20-Nov-2022,,family ,
426,"Lord, You are honored and glorified during Thanksgiving dinner ", 19-Nov-2022, 25-Nov-2022,family ,
427,"Lord, be with Laurie and me as we volunteer for the Bioblitz this morning ", 19-Nov-2022, 20-Nov-2022,family ,
428,"Lord, heal Christopher's mind and body ", 18-Nov-2022, 25-Feb-2023,friends ,
429,"Lord, give me, Casas Council, and CCS leaders and staff wisdom as we deal with CCS incident response ", 18-Nov-2022, 01-Mar-2023,casas,
430,Foot massage?, 16-Nov-2022, 19-Nov-2022,,
431,Learn Python to create a user interface for my prayers? , 16-Nov-2022, 16-Dec-2022,me,
432,Talk to Glenn or Ryan about what I have heard about Wayne in ABFs and ABF leaders that do not attend Casas , 15-Nov-2022, 17-Jan-2023,casas,
433,Casas Council as they struggle to lead CCS appropriately through this difficult time , 15-Nov-2022, 01-Mar-2023,casas,
434,"What about this ""investigation"", Lord? What is best for CCS families and staff? What is our intention? Guide us and help us find the perfect person. ", 15-Nov-2022, 06-Dec-2022,casas,
435,"Josh and Katrina as they lead CCS through this difficult time, their healing and hearts", 15-Nov-2022, 14-Feb-2023,casas,
436,"Guide me as I prepare for the After Action Review; plan, charter, participants, leadership; I have a plan in mind about how to proceed based on the gifts You have given me, help me be humble and adjust it by deferring to Casas leadership and my fellow Casas Council members ", 15-Nov-2022, 03-Dec-2022,friends ,
437,"Jennifer and Greg Clark and their family, heal and protect them ", 15-Nov-2022, 14-Feb-2023,casas,
438,"God is with me. He is for me. He is above me. He is in me. He surrounds me: ‘the Lord surrounds his people’. Thank You, Lord.  ", 15-Nov-2022,,me,
439,"Lord,I expect You to do something wonderful at today's CCS parents meeting ", 14-Nov-2022, 18-Nov-2022,,
440,7 second website r.com homepage iteration , 14-Nov-2022, 19-Jan-2022,,
441,"If it is important, Lord, help me get across the idea that leadership owns process and process breakdowns ", 14-Nov-2022, 18-Dec-2022,casas,
442,Iteration of Ted's email series and posting it for Sarah's and Shawn's review , 14-Nov-2022, 01-Dec-2022,trc,
443,Increasing spend on Google Ad, 14-Nov-2022, 01-Dec-2022,trc,
444,"Lord, help me (us) be effective representing Casas and Casas Christian School as we meet with parents ", 12-Nov-2022, 22-Nov-2022,casas,
445,"Lord, help the families and their children of CCS deal with the allegations of abuse ", 12-Nov-2022, 14-Feb-2023,casas,
446,Sooth the families and their children during this time of upheaval at Casas Christian School. And the teachers and leaders. , 08-Nov-2022, 13-Feb-2023,casas,
447,7 Second Website work session coming up, 07-Nov-2022, 14-Nov-2022,,
448,"O Lord! Young David is in the hospital, heal and free his mind so he can chart a course for his life ", 07-Nov-2022, 10-Dec-2022,casas,
449,Deneena's ordination on Sunday, 06-Nov-2022, 13-Nov-2022,,
450,Walking the Turquoise Trail with Laurie, 06-Nov-2022, 13-Nov-2022,,
451,"Crown car show on Saturday, with Robert?", 06-Nov-2022, 13-Nov-2022,,
452,"Angie Barteau's career decisions, guide her", 06-Nov-2022, 14-Feb-2023,brothers and sisters ,
453,Alpha?, 06-Nov-2022,,me,
454,Ted Tibbetts, 06-Nov-2022, 19-Nov-2022,,
455,HSM trip to Rocky Point for Karli? Help me connect with Kim., 05-Nov-2022, 17-Jan-2023,family ,
456,"Watch over and bless Ryan, Amber, and their daughters Felicity and Harmony, especially as they go on sabbatical in Curacao ", 04-Nov-2022,,brothers and sisters ,
457,Robin's work with the Women's Ministry contribute much and reach  women of our church in a powerful way , 31-Oct-2022, 06-Dec-2022,robin ,
458,Help me see opportunities and do good, 30-Oct-2022,,me,
459,"Help us choose a Bible study, help me avoid judgemental thoughts", 30-Oct-2022, 19-Nov-2022,,
460,Camping with friends at Patagonia, 30-Oct-2022, 19-Nov-2022,,
461,Healing for my back surgery, 30-Oct-2022, 19-Nov-2022,,
462,A clear path to get Google Ads up and running, 29-Oct-2022, 22-Jan-2023,trc,
463,68 years old and still struggling with..., 23-Oct-2022,,me,
464,Use the pain and grief of those around me to bring them to you, 23-Oct-2022, 25-Feb-2023,friends ,
465,Friends for Laurie, 23-Oct-2022, 13-Feb-2023,family ,
466,"Lord, guide Kris as he deals with the passing of his father", 23-Oct-2022, 17-Jan-2023,friends ,
467,LS swap for a BMW E90?, 23-Oct-2022, 13-Feb-2023,me,
468,Peace and blessing for Kris and Chuck's family as they grieve, 23-Oct-2022, 17-Jan-2023,friends ,
469,"Come Holy Spirit, bless us today in Your service, bless everyone
 involved and those that come to worship and learn.

Tyler (Abby, Mason, McKenna), Rob (Barb), Rick, Crystal (JR), Zach, Gavin, Barb (Rob, David), Bill (Deneena), Robert, Melissa, Lake, Brittany, Able, Lissette, Ryan, Maggie, Nick, Holly (Scott), Jenny (Josh), Tyler, Josh, Dar, Piyali, Andrew, ", 23-Oct-2022,,brothers and sisters ,
470,"Lord, bring to You and bless Steve Ambrose, Jeannette, Brian, and Elana", 22-Oct-2022,,friends ,
471,"Bless Susan, Josh, Matt, and their families as they grieve the loss of Michael ", 22-Oct-2022, 22-Jan-2023,friends ,
472,"Lord, bless the children and families of Casas Christian School with spiritual growth toward You. ", 18-Oct-2022, 13-Feb-2023,casas,
473,"Lord, bring unity and stability to our nation so that many people come to know You. ", 18-Oct-2022,,nation ,
474,Healing for Frank's neck surgery, 16-Oct-2022, 13-Nov-2022,,
475,Help me refrain from judging and instead be loving, 16-Oct-2022,,me,
476,Video director?, 16-Oct-2022, 10-Dec-2022,me,
477,Find a writer to help us, 16-Oct-2022, 14-Nov-2022,,
478,Laurie connects with Cindy for Tucson Refugee Ministry, 15-Oct-2022, 13-Feb-2023,family ,
479,Somehow Kimberly's house offer goes through, 09-Oct-2022, 15-Jan-2023,family ,
480,Kimberly's settlement works out well for her, 09-Oct-2022, 30-Jan-2023,family ,
481,Praise! Strength and perseverance for Kim in being clean from drugs and alcohol, 08-Oct-2022, 13-Feb-2023,family ,
482,"Thank you, Lord, for my daughter Kimberly and Your love for me and my family", 05-Oct-2022,,family ,
483,Diane's retirement, 01-Oct-2022, 13-Feb-2023,brothers and sisters ,
484,Rehab Without Walls for David, 01-Oct-2022, 10-Dec-2022,brothers and sisters ,
485,"Cody, grandson of Booth and Nicki. Work in his heart and mind.", 01-Oct-2022,,brothers and sisters ,
486,A writer from our TLBE post that is perfect for our endeavors, 29-Sep-2022, 14-Nov-2022,,
487,Your will in the lives of Tim and Pam and their families, 29-Sep-2022,,family ,
488,"Your will in the lives of Jim, Stephanie, and Kalon and their families", 29-Sep-2022,,family ,
489,Safety for Jason as he trains and fights fires, 28-Sep-2022, 13-Feb-2023,family ,
490,My role and preparation for video director, 28-Sep-2022, 07-Feb-2023,me,
491,Safe travels for Pastor Ben and Melanie, 28-Sep-2022, 26-Dec-2022,brothers and sisters ,
492,"Lord, for what are you preparing me?", 25-Sep-2022, 25-Feb-2023,me,
493,Heal Pastor Ben and bring him and Mel home safely, 24-Sep-2022, 21-Dec-2022,brothers and sisters ,
494,"Lord, bless Tim and Pam and their families; come Holy Spirit upon them.", 16-Sep-2022,,family ,
495,"Lord, bless Dale and Mary and their families; come Holy Spirit upon them.", 16-Sep-2022,,brothers and sisters ,
496,"Lord, I am weak and powerless about Kim's housing situation; I depend on You to work this out! ", 12-Sep-2022, 13-Feb-2023,family ,
497,"Our river cruises, Lord, close the door if You are not approving", 11-Sep-2022, 27-Jan-2023,me,
498,Connect with Karli, 11-Sep-2022, 17-Feb-2023,family ,
499,"A Prayer of Praise
Father God, thank You that salvation belongs to You alone! You alone are worthy of all my praise and worship! You have — and You will — rescue and deliver me. So as I look forward to Jesus’s return, show me how I can join with Christians around the world in praising You, and celebrating Your great name.  Unify us around Your power and love. In Jesus’s name, amen.", 10-Sep-2022,,me,
500,"Come Holy Spirit into the mind of my daughter Kimberly and show her the way through her housing problems. Strengthen our relationship. Holy Spirit, I do not know how to pray for her and this situation so help us in a powerful way. ", 09-Sep-2022, 13-Feb-2023,family ,
501,Work in Philip Smith's life to bring about Your will, 04-Sep-2022,,friends ,
502,Bless Steve Baker and bring about Your will in his life, 04-Sep-2022,,friends ,
503,Work in the life of Chris Garber to bring about Your will, 04-Sep-2022,,friends ,
504,"Gaslight camp for Karli in 2023, Lord please work it out", 28-Aug-2022, 25-Mar-2023,family ,
505,How to make Casas Council meetings work effectively with Zoom, 21-Aug-2022, 19-Nov-2022,,
506,TLBE retrospective, 21-Aug-2022, 01-Dec-2022,,
507,Remember to enjoy every aspect of life today, 21-Aug-2022,,me,
508,Align the available resources so David can take advantage of them, 21-Aug-2022,,brothers and sisters ,
509,Strengthen and guide Dave and Cindy as they struggle with helping David, 17-Aug-2022,,brothers and sisters ,
510,"Guide David's thinking, work out the best thing for his life", 14-Aug-2022,,brothers and sisters ,
511,Give Dave and Cindy peace and guide their decisions for Your glory, 14-Aug-2022,,brothers and sisters ,
512,Refactoring our homepage and the Responsibility Scorecard, 31-Jul-2022, 13-Nov-2022,,
513,Heal my left Achilles tendon!, 31-Jul-2022, 01-Dec-2022,,
514,Healing for my Achilles tendon, 27-Jul-2022, 14-Nov-2022,,
515,Work in the heart of Greg Wexler to bring about Your will in his life, 27-Jul-2022, 25-Jan-2023,casas,
516,"GTM, GA4, Gads, and TLB Elite", 24-Jul-2022, 24-Dec-2022,trc,
517,Pastor Ben's devotional, 24-Jul-2022, 21-Dec-2022,me,
518,Preparation for and meeting of our small group, 17-Jul-2022, 19-Nov-2022,,
519,Diane's niece with thyroid cancer, 17-Jul-2022, 27-Jan-2023,brothers and sisters ,
520,Help me figure out Google Tag Manager, 17-Jul-2022, 21-Dec-2022,me,
521,New worship music leader for Casas, 17-Jul-2022, 04-Dec-2022,casas,
522,"Thank you, Lord Jesus, for my granddaughter Karli and Your work in her life", 12-Jul-2022, 08-Feb-2023,family ,
523,"The Lord is my shepherd; 
I shall not want. 

He makes me to lie down in green pastures; 
He leads me beside the still waters. 

He restores my soul; 
He leads me in the paths of righteousness For His name’s sake. 

Yea, though I walk through the valley of the shadow of death, I will fear no evil; 
For You are with me; 
Your rod and Your staff, they comfort me. 

You prepare a table before me in the presence of my enemies; 
You anoint my head with oil; 
My cup runs over. 

Surely goodness and mercy shall follow me all the days of my life; 
And I will dwell in the house of the Lord Forever.

Psalms 23:1‭-‬6 NKJV
https://bible.com/bible/114/psa.23.1-6.NKJV", 10-Jul-2022,,me,
524,How can I serve Robin today?, 10-Jul-2022,,robin,
525,Laurie and Robert would come to know You as Lord and Savior, 03-Jul-2022,,family ,
526,Health and protection from covid for Casas leadership and staff, 03-Jul-2022, 08-Feb-2023,casas,
527,"Move in Karli's heart today, drawing her to You", 03-Jul-2022,,family ,
528,Work through the worship team to reach people today, 03-Jul-2022, 21-Dec-2022,casas,
529,Linda's balance and posture, 26-Jun-2022, 08-Feb-2023,,
530,That Pastor Glenn prioritizes spiritual disciplines that protect his heart and mind from error, 26-Jun-2022, 13-Feb-2023,casas,
531,"Take delight in the Lord, and he will give you your heart’s desires. 
Commit everything you do to the Lord. Trust him, and he will help you. Psalms 37:4‭-‬5 NLT
Lord, I want to feel about my own life the same emotions that I feel when I observe others' situations. ", 26-Jun-2022,,me,
532,Basketball at Dove Mountain Park?, 25-Jun-2022, 13-Feb-2023,me,
533,"Lord, guide me to instrument the agile coach landing page", 19-Jun-2022, 24-Dec-2022,trc,
534,How much value are we really getting from TLB Elite?, 19-Jun-2022, 07-Dec-2022,trc,
535,How can I be an effective member of Casas Council?, 19-Jun-2022, 13-Feb-2023,me,
536,"Lord, give Kim wisdom to know right from wrong", 19-Jun-2022,,family ,
537,Guide Kim in her financial decision making, 19-Jun-2022, 11-Mar-2023,family ,
538,"Lord, guide Kim in her pursuit of buying a house", 19-Jun-2022, 13-Feb-2023,family ,
539,How do decisions of Casas Council persist?, 19-Jun-2022, 08-Feb-2023,casas,
540,Guide Pastor Glenn and protect him from every kind of immorality, 19-Jun-2022, 13-Feb-2023,casas,
541,Strength and healing for my elbows, 19-Jun-2022,,me,
542,"Come, Holy Spirit. Fulfill your promise among us again today.
Thank you that every time we pray, ‘Come, Holy Spirit,’ the Holy Spirit comes and we experience an increased sense of the presence of God among us. Help me to prioritise my time and enjoy your awesome presence with me. In Jesus's Name. ", 18-Jun-2022,,me,
543,"Lord, please give me wisdom and guidance as I talk to Kim about her doins", 16-Jun-2022, 13-Feb-2023,family ,
544,"Father God, please grant me wisdom in all these areas: 
1. decision making, 2. choosing and building a team, 3. delegation, 4. peacemaking, 5. insight and discernment, 6. pursuing God’s cause", 16-Jun-2022,,me,
545,Intimacy and spiritual growth for our small group, 12-Jun-2022,,brothers and sisters ,
546,Help me remember that which is important to Robin - preparing for guests, 12-Jun-2022,,me,
547,Safety for Karli while Kim is away, 05-Jun-2022,,family ,
548,Wayne Barteau and Carol Ann, 05-Jun-2022, 08-Feb-2023,brothers and sisters ,
549,"Lord, give Robin relief from her ailment", 05-Jun-2022, 11-Jan-2023,robin ,
550,Bless and guide Jenny Kempf in her role as worship team leader, 05-Jun-2022, 13-Feb-2023,casas,
551,How can I best support Robin?, 05-Jun-2022,,me,
552,Security at Casas Christian School?, 29-May-2022, 13-Feb-2023,casas,
553,"Frank, Cherrie, and Matt and Kaylee come to know You, Lord", 29-May-2022,,friends ,
554,"Mad Dog, Cara, Amy, and Adam come to know and accept You, Lord Jesus", 29-May-2022,,friends ,
555,Help me keep up my enthusiasm to complete Google Ads stuff, 29-May-2022, 24-Dec-2022,me,
556,Strength for today's hike, 29-May-2022, 17-Jan-2023,me,
557,Google Ads landing page, 29-May-2022, 24-Dec-2022,me,
558,Mike's arm improves and he finds activity, 29-May-2022, 24-Dec-2022,friends ,
559,"Mike, Lynn, Sarah, Brian, and their families come to know You, Lord", 29-May-2022, 22-Jan-2023,friends ,
560,"Mad Dog and his family, healing in their grief for the loss of Dina", 29-May-2022, 08-Feb-2023,friends ,
561,"Jeremy, Amy, Evelyn, and Andy come to know and  accept You, Lord Jesus", 20-May-2022,,family ,
562,"Lord, guide Pastor Glenn and his leadership team as they guide our church", 20-May-2022,,casas,
563,"Bless Casas Christian School, Josh, and his leadership team", 14-May-2022,,casas,
564,"Abel and Lyssa, that they follow You, Lord Jesus; bless and enlighten them", 11-May-2022,,brothers and sisters ,
565,Special Casas Council meeting this evening,, 06-Nov-2022,,
566,Preparation for our camping trip to Patagonia,, 06-Nov-2022,,
567,Help me communicate with Jenny about my schedule conflict,, 06-Nov-2022,,
568,Send Karli to high school event at Casas?,, 30-Oct-2022,,
569,Melanoma and its treatment,, 23-Oct-2022,,
570,See orthopedist about my knee?,, 16-Oct-2022,,
571,Get rid of my cough,, 16-Oct-2022,,
572,Dermatologist,, 16-Oct-2022,,
573,Appointments for oil change and front-end alignment,, 09-Oct-2022,,
574,Dermatologist appointment,, 09-Oct-2022,,
575,Strength and time for today's hike with Chris,, 09-Oct-2022,,
576,Schedule conflict with Ryan's visit to our small group,, 09-Oct-2022,,
577,Successful surgery and safety for my good buddy Frank,, 09-Oct-2022,,
578,Our time together with Rick and Diane as we go to a musical and eat,, 09-Oct-2022,,
579,Pastor Ryan's visit to our small group,, 09-Oct-2022,,
580,Bless our time together as Kimberly and I go to a music event,, 09-Oct-2022,,
581,Karli connection opportunity about her computer,, 18-Sep-2022,,
582,Connect with Kim,, 11-Sep-2022,,
583,"I feel bad, lacking because I said no to my daughter's request",, 11-Sep-2022,,
584,How do I respond to my daughter's request for money?,, 04-Sep-2022,,
585,Walking and hiking with the Weaver's,, 21-Aug-2022,,
586,Preparations for Michigan trip,, 21-Aug-2022,,
587,Make the Weaver's air conditioning and refrigerator work well,, 21-Aug-2022,,
588,Sharing with Kit at lunch today,, 21-Aug-2022,,
589,RV water tank,, 21-Aug-2022,,
590,Walking and hiking with the Weaver's,, 21-Aug-2022,,
591,Great time with Booth and Nicki this weekend,, 14-Aug-2022,,
592,Help me get over this cold,, 07-Aug-2022,,
593,"I grow weary of sitting around not feeling well, heal me, Lord!",, 07-Aug-2022,,
594,Anna Bell's move goes smoothly,, 07-Aug-2022,,
595,Cowboy poetry in Prescott with Booth and Nicki,, 07-Aug-2022,,
596,Help us get ready for traveling,, 07-Aug-2022,,
597,Help me process Mike's legal document,, 31-Jul-2022,,
598,Casas Church mission launch this evening,, 31-Jul-2022,,
599,"Lord, put in my heart and mind wisdom for supporting the team in the",, 31-Jul-2022,,
600,Guide Mike Fleishman as he prepares for the settlement conference,, 31-Jul-2022,,
601,Guide Jamie as she prepares a communication plan for the lawsuit,, 31-Jul-2022,,
602,Casas Council committee meeting with Pastor Glenn for negotiation,, 31-Jul-2022,,
603,Our planning and preparation for Michigan 2022,, 31-Jul-2022,,
604,Protect Casas Church from the lawsuit,, 24-Jul-2022,,
605,Mt Lemmon camping trip,, 24-Jul-2022,,
606,August 9th settlement hearing?,, 24-Jul-2022,,
607,Planning for our trip to Michigan,, 24-Jul-2022,,
608,"Lord, move in Greg Wexler's heart and mind as You see fit",, 24-Jul-2022,,
609,Bring clarity about Your will for handling the Casas lawsuit,, 24-Jul-2022,,
610,Review of Casas Church lawsuit settlement scenarios,, 24-Jul-2022,,
611,"Ram van oil change, schedule, timing, operation, et al",, 24-Jul-2022,,
612,Middle school camp this week,, 17-Jul-2022,,
613,All goes well with removal of Rick and Diane's tree,, 17-Jul-2022,,
614,The Wing family as they grieve the passing of their father,, 17-Jul-2022,,
615,Volunteer meeting to launch new Casas mission statement,, 17-Jul-2022,,
616,Safety in travel for Rick and Diane,, 17-Jul-2022,,
617,Safety in travel for Booth and Nicki,, 17-Jul-2022,,
618,Rain barrel project,, 10-Jul-2022,,
619,Karli is productive with her lines et al today,, 10-Jul-2022,,
620,A great time with Karli and the Moilanen's today,, 10-Jul-2022,,
621,Celebration lunch today with Karli,, 10-Jul-2022,,
622,Help me set up Karli's Chromebook and guide her use of it,, 10-Jul-2022,,
623,Be with and guide Karli and all the kids at the Gaslight Kids Camp,, 10-Jul-2022,,
624,Our welcome for agile coaches to the coping to growing emails,, 10-Jul-2022,,
625,Call to Delta to change pickup person,, 10-Jul-2022,,
626,Drive to Phoenix for Karli's early flight to DTW,, 10-Jul-2022,,
627,Front closet project,, 10-Jul-2022,,
628,Travel to Sky Harbor early Monday morning,, 10-Jul-2022,,
629,Our planning and preparation for Michigan 2022,, 10-Jul-2022,,
630,"Middle School Ministries for Karli this evening, Lord Jesus teach her",, 03-Jul-2022,,
631,Give Karli the memory she needs to audition successfully. May the,, 03-Jul-2022,,
632,"Lord, help me talk to Karli about You",, 03-Jul-2022,,
633,Chromebook for Karli?,, 03-Jul-2022,,
634,"Lord, meet with Karli during her visit with us, MSM, and Gaslight",, 03-Jul-2022,,
635,Karli will find friendship at Gaslight Kids Camp and MSM,, 03-Jul-2022,,
636,That Karli will have courage and be bold at Gaslight Kids Camp,, 03-Jul-2022,,
637,Casas fall kickoff and mission launch,, 03-Jul-2022,,
638,Bring peace to Karli and interactions with her compadres,, 03-Jul-2022,,
639,Inspiration for Karli and me at worship team rehearsal,, 03-Jul-2022,,
640,A chance to share with Karli our families' and my stories,, 03-Jul-2022,,
641,Karli and friends know their lines and nail their performances,, 03-Jul-2022,,
642,Bob's heart condition,, 26-Jun-2022,,
643,Safety and enjoyment for Kit and Alison during their trip,, 26-Jun-2022,,
644,Effective communication with Karli and Karen about traveling,, 26-Jun-2022,,
645,How can we engage with David while his parents are gone?,, 26-Jun-2022,,
646,Robin's new medicine arrives right away,, 26-Jun-2022,,
647,Arrival of Robin's new medicine and its efficacy,, 26-Jun-2022,,
648,Christopher stuck in Mexico with covid,, 26-Jun-2022,,
649,A third iteration of the Google Ads landing page,, 26-Jun-2022,,
650,Safe travels and timelines for me. Karen. and Karli today,, 26-Jun-2022,,
651,Collagen to strengthen my joints and body?,, 19-Jun-2022,,
652,Dwight Yoakam at the Rialto in September?,, 19-Jun-2022,,
653,Travel to Michigan this summer?,, 19-Jun-2022,,
654,What is Casas's new mission statement?,, 19-Jun-2022,,
655,Help me explain to Kit what is going on at Casas,, 19-Jun-2022,,
656,High school camp,, 19-Jun-2022,,
657,Staff retreat,, 19-Jun-2022,,
658,Frank's neck surgery in early October,, 19-Jun-2022,,
659,TLB Elite and collaboration session today,, 12-Jun-2022,,
660,TLB Elite meeting this week?,, 12-Jun-2022,,
661,Preparations and safe travel for Mingus Mountain,, 12-Jun-2022,,
662,Safe travels for Kim and timely return,, 05-Jun-2022,,
663,All is well with the camper van,, 05-Jun-2022,,
664,Camping with friends at Mingus Mountain,, 05-Jun-2022,,
665,Karen Dietz's and Karli's time together,, 05-Jun-2022,,
666,"Chuck is coming home today, entering the next phase of recovery",, 05-Jun-2022,,
667,Our camping trip to Mingus Mountain?,, 05-Jun-2022,,
668,Arrangements for Karli's return after Gaslight camp,, 05-Jun-2022,,
669,Safe travels for Kim and timely return,, 05-Jun-2022,,
670,May funds arrive in time to avoid a bounced check,, 29-May-2022,,
671,"A great time of fellowship with Glenn, Angie, and our small group",, 29-May-2022,,
672,Understanding of how the banking system works,, 29-May-2022,,
673,Flight arrangements for Karli's visit,, 29-May-2022,,
674,"Lord, help me straighten out this overdraft mess",, 29-May-2022,,
675,Achieving Chuck's therapy goals so he can come home,, 29-May-2022,,
676,Alison's shoulder physical therapy enables her to play golf,, 29-May-2022,,
677,A great hike leading us up Mt Lemmon,, 29-May-2022,,
678,Withdrawal for 2021 taxes,, 29-May-2022,,
679,Preparations for Pastor Glenn's and Angie's visit,, 29-May-2022,,
680,Am I in bounds with my Casa Council request to review?,, 29-May-2022,,
681,Words of welcome for Pastor Glenn and Angie?,, 29-May-2022,,
682,Where for Karli after Gaslight camp?,, 29-May-2022,,
683,Safety and fun for all during today's cactus rescue,, 29-May-2022,,
684,Robert Wing's father Bob as he struggles with old age,, 22-May-2022,,
685,Bible study at the Fowler's,, 22-May-2022,,
686,"Humming pipes, Lord, please help me find the cause and fix it",, 22-May-2022,,
687,Email security for Casas Council and the church,, 15-May-2022,,
688,"Is this a cold coming on? Lord, help me get through it quickly.",, 15-May-2022,,
689,Chuck to get past his episodes of low blood pressure,, 15-May-2022,,
690,Hiking today,, 08-May-2022,,
691,Effectiveness of rehab for Chuck,, 08-May-2022,,
692,Chuck and rehab - may Your will be done,, 08-May-2022,,
693,Rehab for Chuck?,, 08-May-2022,,
694,Visiting Chuck today?,, 08-May-2022,,
695,Small group Bible study this Saturday,, 01-May-2022,,
696,Dinner and games with the Weaver's,, 01-May-2022,,
697,Dinner and the Fox with Kit and Alison this Friday,, 01-May-2022,,
698,Termite protection?,, 01-May-2022,,
699,Safety and awe on today's hike with Kit and Dave W,, 01-May-2022,,
700,Dinner and games at the Weaver's,, 01-May-2022,,
701,Romans Bible study at our house with Robin,, 01-May-2022,,
702,May Chuck's friends and family find time to visit him,, 01-May-2022,,
703,Visiting Chuck and traveling with Kris,, 01-May-2022,,
704,Small group Bible study this Saturday,, 01-May-2022,,
705,Mastery with Bill today,, 24-Apr-2022,,
706,Kris Mattson's visit and hiking with Kit,, 24-Apr-2022,,
707,"Thank you, Lord for Karli’s call, about the Thomas family history and",, 24-Apr-2022,,
708,Review of 2021 taxes,, 24-Apr-2022,,
709,TLBE 90-day priorities,, 24-Apr-2022,,
710,Leave for camping Sunday at White Rock,, 24-Apr-2022,,
711,Safe travels for Ryan and Savanna,, 24-Apr-2022,,
712,Devotional for May,, 24-Apr-2022,,
713,Completing April devotional,, 24-Apr-2022,,
714,Many new people to know You at Easter service,, 17-Apr-2022,,
715,Great Easter service with Ryan and Savanna with a message from You,, 17-Apr-2022,,
716,Safe travels for Laurie and Robert,, 10-Apr-2022,,
717,Great lunch with Laurie and Robert,, 10-Apr-2022,,
718,Wrapping up text on Leadership Scorecard results page,, 10-Apr-2022,,
719,Preparation of MKS (check engine light) for emissions test,, 10-Apr-2022,,
720,Farewell dinner with Laurie and Robert,, 10-Apr-2022,,
721,Mike's surgery,, 10-Apr-2022,,
722,Stage Captain this week,, 10-Apr-2022,,
723,Strength and wisdom for today's hike,, 10-Apr-2022,,
724,Steinklinkers group of men Tuesday,, 10-Apr-2022,,
725,Thank you for great moments with Laurie while constructing TV cover,, 10-Apr-2022,,
726,Moilanen's patio TV,, 03-Apr-2022,,
727,Hiking today with rain in the forecast,, 03-Apr-2022,,
728,Bible study this week at Rick's and Diane's home,, 03-Apr-2022,,
729,Making April graphic with Karli,, 03-Apr-2022,,
730,Saturday mounting TV at Moilanen's,, 03-Apr-2022,,
731,Making TV cover with Laurie,, 03-Apr-2022,,
732,MKS emissions test,, 03-Apr-2022,,
733,"Lord, is refusing to cosign for my daughter the best thing?",, 27-Mar-2022,,
734,Value Proposition Design,, 27-Mar-2022,,
735,Karli's visit to youth group tonight,, 27-Mar-2022,,
736,I groan about dealing with my daughter Kimberly,, 27-Mar-2022,,
737,"Lord, be with Karli and me during our hike today",, 27-Mar-2022,,
738,"Thank you, Lord, for a great visit with Karli",, 27-Mar-2022,,
739,Safe travels for Karli as she returns home to her mom.,, 27-Mar-2022,,
740,How do I want to respond to Kimberly's text?,, 27-Mar-2022,,
741,Be with us during our dinner with Laurie and Robert this evening,, 27-Mar-2022,,
742,Be with us as we visit the presentation on baskets today,, 27-Mar-2022,,
743,Walking with Karli during her time visiting,, 20-Mar-2022,,
744,Meeting with Pastor Glenn today,, 20-Mar-2022,,
745,Meeting with Pastor Glenn this Thursday,, 20-Mar-2022,,
746,Connect with Kim today to make arrangements for Karli's visits,, 20-Mar-2022,,
747,Gaslight camp for Karli?,, 20-Mar-2022,,
748,Get Karli this Saturday,, 20-Mar-2022,,
749,Walks and talks with Karli,, 20-Mar-2022,,
750,Horseback riding with Karli Thursday (and Laurie),, 20-Mar-2022,,
751,Safe travels for Kim and Karli,, 20-Mar-2022,,
752,TV mount for Moilanen's and Robin,, 20-Mar-2022,,
753,Our time with Karli as she visits this week,, 20-Mar-2022,,
754,Lunch with Helping Hands group this Sunday?,, 20-Mar-2022,,
755,Weed control happens and is effective,, 20-Mar-2022,,
756,Christopher's business trip to California,, 20-Mar-2022,,
757,Karli with middle school group at church,, 20-Mar-2022,,
758,Fun and joy swimming,, 20-Mar-2022,,
759,Programming my watch,, 13-Mar-2022,,
760,TLB Elite?,, 13-Mar-2022,,
761,Your glory for Sunday services,, 13-Mar-2022,,
762,Strength in my hiking today,, 13-Mar-2022,,
763,Fixes for the MKS,, 13-Mar-2022,,
764,Filling out the application for TLB Elite,, 13-Mar-2022,,
765,Camera 3 today,, 13-Mar-2022,,
766,Send consciousness article to Kim?,, 06-Mar-2022,,
767,Join ministry to help people with home repair projects?,, 06-Mar-2022,,
768,Move in the lives of Your people during service today,, 06-Mar-2022,,
769,Great visit for friend of Rick and Diane,, 06-Mar-2022,,
770,Dale and Mary Buckner visit us today,, 06-Mar-2022,,
771,Reaching out to track buddies about Watkins Glen in June,, 27-Feb-2022,,
772,"Lord, please bring my daughter Kimberly home safely from Mexi37w",, 27-Feb-2022,,
773,Robin's comfort for Michael Martin Murphy's concert,, 27-Feb-2022,,
774,Finish the RCN offer for R-T course,, 27-Feb-2022,,
775,Safety for Kim as she travels in Mexico,, 27-Feb-2022,,
776,Become part of the Casas board?,, 27-Feb-2022,,
777,Michael Martin Murphy concert Friday,, 20-Feb-2022,,
778,Bible study for small group?,, 20-Feb-2022,,
779,Sunday services powerful communing with God,, 20-Feb-2022,,
780,Church youth group going to Mexi38w,, 20-Feb-2022,,
781,Leading our small group Bible study this Friday,, 20-Feb-2022,,
782,Jeep adventure with Dave Weaver,, 20-Feb-2022,,
783,Hiking with Kit today,, 20-Feb-2022,,
784,Robin feels well enough for trip to Wickenburg,, 13-Feb-2022,,
785,PB's February devotional,, 13-Feb-2022,,
786,Bless our time at Gospel Rescue Mission; may Your will be done,, 13-Feb-2022,,
787,Keep my path straight and my eyes on You in my travels today,, 13-Feb-2022,,
788,Intimacy in our Bible study this week,, 06-Feb-2022,,
789,Cowboy poetry festival with Booth and Nicki,, 06-Feb-2022,,
790,Guide me in lunch with Tyler,, 06-Feb-2022,,
791,Visit to Gospel Rescue Mission,, 06-Feb-2022,,
792,Submit PB's devotional to YouVerse?,, 06-Feb-2022,,
793,Our trip to Wickenburg,, 06-Feb-2022,,
794,May Robin's doctor's visit ease her struggle and make her feel better,, 06-Feb-2022,,
795,Intimacy in our Bible study this week,, 06-Feb-2022,,
796,My interaction with Peter Calvert,, 30-Jan-2022,,
797,Our trip to Organ Pipe with our neighbors,, 23-Jan-2022,,
798,Knee exercises alleviate stiffness and promote flexibility,, 16-Jan-2022,,
799,Kim and Karli visit for the Gem and Mineral Sow?,, 16-Jan-2022,,
800,Hernia surgery follow up tomorrow,, 09-Jan-2022,,
801,Small group Bible study this week,, 09-Jan-2022,,
802,Hiking with knee strength today,, 09-Jan-2022,,
803,"Prevention and healing for Phil, Booth, Kit, Buddy, and Greg",, 09-Jan-2022,,
804,"Donate to The Chosen, The Bible Project",, 09-Jan-2022,,
805,Small group Bible study tonight,, 09-Jan-2022,,
806,Karli's not feeling well,, 09-Jan-2022,,
807,Leadership Scorecard on our homepage,, 09-Jan-2022,,
808,Bring people to enroll in Cohort 6,, 09-Jan-2022,,
809,Hiking and knee improvement,, 09-Jan-2022,,
810,Hiking with knee strength today,, 09-Jan-2022,,
811,TRC persona,, 26-Dec-2021,,
812,"Robin, Immersion?",, 26-Dec-2021,,
813,"Our Christmas at Casas service; the workers, production, visitors, ...",, 26-Dec-2021,,
814,Laurie and Robert attending Christmas at Casa?,, 26-Dec-2021,,
815,People over for hand and foot this evening,, 19-Dec-2021,,
816,Getting stitches removed today,, 19-Dec-2021,,
817,"Constipated? Help me, Lord!",, 19-Dec-2021,,
818,Hernia surgery tomorrow,, 19-Dec-2021,,
819,Robin's social security?,, 19-Dec-2021,,
820,Painting of kitchen island and nook,, 12-Dec-2021,,
821,Removal of odors from Robin's Christmas tree blanket,, 12-Dec-2021,,
822,Health and recovery for Ryan and Savanna,, 12-Dec-2021,,
823,"Christmas dinner with Laurie, Robert, Linda, and Bob",, 12-Dec-2021,,
824,Work out our finances for giving,, 12-Dec-2021,,
825,Time of visit with Karli over Christmas season,, 12-Dec-2021,,
826,"A great hike today, strengthen my knee and remove soreness",, 12-Dec-2021,,
827,Waters Edge 2022?,, 12-Dec-2021,,
828,Draw closer to Mike through our football pool,, 12-Dec-2021,,
829,Big toe and ball of foot,, 12-Dec-2021,,
830,DMARC et al,, 12-Dec-2021,,
831,Purchase an expensive painting?,, 05-Dec-2021,,
832,Successful testing meeting with Sara,, 05-Dec-2021,,
833,Mole surgery today,, 05-Dec-2021,,
834,Duraboon an ounanaiva naintina?,, 05-Dec-2021,,
835,Pastor Ben's devotional for December,, 28-Nov-2021,,
836,Glorify You Lord at Thanksgiving dinner,, 28-Nov-2021,,
837,Get to end of job for the RBS play,, 28-Nov-2021,,
838,Strength to complete our hike today,, 28-Nov-2021,,
839,لمن لمملا remove bio pain: ao ba feels remarkably better by Sunday,, 21-Nov-2021,,
840,"Heal Rick, remove his pain; so he feels remarkably better by Sunday",, 13-Nov-2021,,
841,May my dental procedure go well this morning,, 13-Nov-2021,,
842,May all our preparations for camping go smoothly today,, 13-Nov-2021,,
843,Camping with friends at Roper Lake,, 13-Nov-2021,,
844,"Safe travels for Kim, Karli, and Anthony",, 12-Nov-2021,,
845,How can I ensure I do not miss my appointments?,, 12-Nov-2021,,
846,Tension between Robin and Kim during their discussion,, 09-Nov-2021,,
847,Our time together with Karli at craft market,, 09-Nov-2021,,
848,Time together with Kim and Karli at Rooster Cogburn's today,, 08-Nov-2021,,
849,"Karli in Casas MSM today! Work in her heart, may others show her love",, 07-Nov-2021,,
850,Movies with Karli,, 04-Nov-2021,,
851,Swimming with Karli,, 04-Nov-2021,,
852,Planting saguaro with Karli,, 04-Nov-2021,,
853,"Catch my feelings that Robin is judgemental about Karli, Kim, and",, 04-Nov-2021,,
854,Providing funds for Kim's travel expenses,, 04-Nov-2021,,
855,Meshing our schedule today with Kim's arrival,, 03-Nov-2021,,
856,Cancellation of PT this morning,, 03-Nov-2021,,
857,"Breakfast and a great time with Karli, Kim, and Anthony today",, 03-Nov-2021,,
858,"Steinklinkers today, participants and how I show up",, 02-Nov-2021,,
859,Testing the RTC campaigns,, 02-Nov-2021,,
860,My hike today up the Upper Javelina,, 02-Nov-2021,,
861,Karli's accompaniment with me to worship rehearsal,, 02-Nov-2021,,
862,"Activities for Anthony, Kim, and Karli during their visit?",, 02-Nov-2021,,
863,Insurance coverage for additional PT sessions?,, 02-Nov-2021,,
864,Strengthen my knee today so my hike is good and has no detriment,, 30-Oct-2021,,
865,Resting knee today preparing for hiking the Tortolita Preserve,, 29-Oct-2021,,
866,Testing RTEC SPP,, 29-Oct-2021,,
867,Lift kit for Promaster?,, 29-Oct-2021,,
868,Readiness for hiking the Tortolita Preserve,, 28-Oct-2021,,
869,Healing for Mike's neck surgery,, 28-Oct-2021,,
870,I want to wrap up all the IS pieces for our FB marketing play,, 28-Oct-2021,,
871,Increase my walking distance and strengthen my knee,, 22-Oct-2021,,
872,Connection with my daughter Kimberly and my granddaughter Karli,, 22-Oct-2021,,
873,Surgery for the mole on my back,, 20-Oct-2021,,
874,What project can I do at church? Bird roosting?,, 18-Oct-2021,,
875,Success for Bob's heart operation and quick recovery,, 11-Oct-2021,,
876,Help me get my knee back on track,, 11-Oct-2021,,
877,"My knee, Lord, that I have done no damage to it",, 11-Oct-2021,,
878,"That I didn't overdo it on yesterday's cactus rescue, that knee is ok",, 10-Oct-2021,,
879,Hike today and the Upper Javelina tomorrow?,, 10-Oct-2021,,
880,Robin good for dinner and Asleep at the Wheel tonight,, 08-Oct-2021,,
881,Asleep at the Wheel tonight! Comfort for knee.,, 08-Oct-2021,,
882,Recovery of gastrointestinal flare up for Robin,, 08-Oct-2021,,
883,Dentist appointment for replacement of temporary root canal filling,, 08-Oct-2021,,
884,Medicare and insurance coverage of knee and hernia surgeries,, 08-Oct-2021,,
885,Knee strength and safety for TCSS cactus rescue Saturday; saguaro?,, 08-Oct-2021,,
886,"Straight knee, fully bent knee",, 08-Oct-2021,,
887,Knee surgery follow up tomorrow,, 07-Oct-2021,,
888,Cactus rescue Saturday?,, 07-Oct-2021,,
889,"Dermatologist today, may all go well",, 07-Oct-2021,,
890,A/C for the garage?,, 06-Oct-2021,,
891,"Lord, I feel sick to my stomach because of my knee; help me feel good",, 28-Sep-2021,,
892,Help me with physical therapy today,, 27-Sep-2021,,
893,Help me walk today,, 27-Sep-2021,,
894,Heal my stomach (hiccups) and knee,, 26-Sep-2021,,
895,Physical therapist and therapy ~ healing and strength for my knee,, 23-Sep-2021,,
896,"Jesus, heal my knee so that I can hike! Thank you, Lord.",, 22-Sep-2021,,
897,Keep me safe during surgery today,, 21-Sep-2021,,
898,"Lord, help my doctors with my knee surgery",, 20-Sep-2021,,
899,Preparation for knee replacement by techs and doctors,, 16-Sep-2021,,
900,Install receptacles for Linda,, 16-Sep-2021,,
901,Mastery today,, 16-Sep-2021,,
902,"Smooth knee replacement surgery, fast healing",, 15-Sep-2021,,
903,Karli's visit in October,, 15-Sep-2021,,
904,May everything go well in replacing propane regulator on the Ram,, 15-Sep-2021,,
905,Physical therapist?,, 14-Sep-2021,,
906,Physical therapist after knee replacement?,, 14-Sep-2021,,
907,"Prep for knee replacement: EKG, CT scan, et al",, 14-Sep-2021,,
908,Robin's colonoscopy goes well,, 14-Sep-2021,,
909,Fun and productive time at Casas Creative event,, 14-Sep-2021,,
910,Pastor Glenn's renewal of family relationships during his sabbatical,, 14-Sep-2021,,
911,Centering of Glenn's spiritual life and leadership during sabbatical,, 14-Sep-2021,,
912,Renewal of Pastor Glenn's walk with Jesus during his sabbatical,, 14-Sep-2021,,
913,ConvertKit Products and payments,, 14-Sep-2021,,
914,Figuring out ConvertKit and deciding to move to it,, 14-Sep-2021,,
915,Fast and effective recovery from knee replacement surgery,, 14-Sep-2021,,
916,"Knee replacement surgery is fast, efficient, and effective",, 14-Sep-2021,,
917,Smooth execution of busy schedule this week,, 14-Sep-2021,,
918,Accompaniment to concerts at the Fox,, 14-Sep-2021,,
919,"Install of LED lights DRLs, front turn signals on Ram",, 14-Sep-2021,,
920,Camera team huddle with video director,, 14-Sep-2021,,
921,PB's blog posts today,, 10-Sep-2021,,
922,Van repairs today,, 10-Sep-2021,,
923,Hernia surgery before the end of the year?,, 10-Sep-2021,,
924,Hernia surgery before the end of the year?,, 10-Sep-2021,,
925,Dishwasher repair today,, 08-Sep-2021,,
926,Hernia doctor appointment today,, 08-Sep-2021,,
927,Healing for Frank's ankle,, 07-Sep-2021,,
928,Doctors' visits: hernia and knee; elbow?,, 07-Sep-2021,,
929,Connect with Rob Hagemann,, 23-Aug-2021,,
930,Make it safely home,, 23-Aug-2021,,
931,Safety for Robin's travels,, 20-Aug-2021,,
932,Safety for Robin's travels,, 20-Aug-2021,,
933,Activity for visit to Frank's,, 20-Aug-2021,,
934,Connection with Rob Hagemann,, 20-Aug-2021,,
935,Satisfactory results for Mike's bimini,, 13-Aug-2021,,
936,For a wonderful and intimate time with Ryan and Savanna,, 13-Aug-2021,,
937,See us safely to Grand Rapids and back,, 13-Aug-2021,,
938,"Lord, facilitate my visits with Bill and Scott",, 12-Aug-2021,,
939,"Lord, guide us in our install of the power bimini top",, 12-Aug-2021,,
940,Healing for Frank's ankle,, 11-Aug-2021,,
941,Connection with Kim,, 11-Aug-2021,,
942,Heal Frank's foot so he doesn't need a screw,, 05-Aug-2021,,
943,Oil change in Michigan?,, 04-Aug-2021,,
944,Help me connect with doctors in Tucson,, 04-Aug-2021,,
945,Arrange our visits to friends and family.,, 04-Aug-2021,,
946,"My knee, Lord, what doctor?",, 04-Aug-2021,,
947,"Lord, help us manage the black tank as we travel",, 29-Jul-2021,,
948,"Lord, guide me on how to figure out A/B testing",, 29-Jul-2021,,
949,"Lord, help us figure out how to advertise on FB",, 29-Jul-2021,,
950,Time and attention to engage with Christopher as we travel,, 28-Jul-2021,,
951,Robin to feel better as we travel,, 28-Jul-2021,,
952,Clarity about FB play et al,, 28-Jul-2021,,
953,Black tank and its sensor,, 27-Jul-2021,,
954,Time and presence for walking exercise,, 27-Jul-2021,,
955,Strengthening of my knee,, 27-Jul-2021,,
956,Healing of my tooth surgery,, 27-Jul-2021,,
957,Ram charging system and house batteries,, 27-Jul-2021,,
958,Bar J Wranglers seating and parking overnight,, 27-Jul-2021,,
959,Bar J Wranglers seating,, 27-Jul-2021,,
960,"Pastor Ben's August devotional, it's receipt and preparation",, 22-Jul-2021,,
961,How to support TRC during my travels.,, 21-Jul-2021,,
962,Healing and overcoming short of antibiotics,, 21-Jul-2021,,
963,Facilitate contact with dermatologist,, 21-Jul-2021,,
964,Facilitate contact with surgeon and CT scan,, 21-Jul-2021,,
965,"Successful and easy dental surgery today, quick healing afterwards",, 15-Jul-2021,,
966,"Van preparation, safety driving",, 09-Jul-2021,,
967,"Doctor, sonogram, surgery, appointments, getting worse; Lord, help me",, 09-Jul-2021,,
968,"Doctor, sonogram, surgery, appointments, getting worse; Lord, help me",, 09-Jul-2021,,
969,"You Lord, facilitate my root canal to effectively repair the correct tooth",, 08-Jul-2021,,
970,Help me in my work on Cohort 5,, 08-Jul-2021,,
971,Guide me in wrapping up PB's devotion for July,, 08-Jul-2021,,
972,Help me respond to Lynne's email to restore my relationships with them,, 08-Jul-2021,,
973,Make it so that my tooth gets fixed.,, 06-Jul-2021,,
974,"Sunday services, tech team",, 02-Jul-2021,,
975,Marie's visit on Sunday,, 02-Jul-2021,,
976,The spare tire for the van,, 02-Jul-2021,,
977,"Beautiful sunrise, Lord. You are awesome.",, 01-Jul-2021,,
978,Please work out trip to San Diego for spare tire and LED headlights.,, 01-Jul-2021,,
979,"Lord, the desert needs rain. Please provide.",, 01-Jul-2021,,
980,Thank You for a great time working with the worship team.,, 28-Jun-2021,,
981,What about a new head unit for the van?,, 28-Jun-2021,,
982,What about a new head unit for the van?,, 28-Jun-2021,,
983,"Lord, help me get PB's devotion for July ready",, 24-Jun-2021,,
984,"Lord, work out all the details about the camper van spare tire et al",, 24-Jun-2021,,
985,Help us compete the 1st phase of Responsibility-thinking course,, 22-Jun-2021,,
986,Be with and keep me safe on my hike this morning,, 22-Jun-2021,,
987,Get Robin ready for me during the night,, 22-Jun-2021,,
988,What way to go with the spare tire for the van?,, 22-Jun-2021,,
989,"Lord, we desperately could use rain",, 22-Jun-2021,,
990,"Lord, send us rain!",, 21-Jun-2021,,
991,All systems go for putting away the van today,, 17-Jun-2021,,
992,"Lord, bring about the fix for the battery isolator.",, 10-Jun-2021,,
993,Give strength and blessings to us on our hike this morning,, 10-Jun-2021,,
994,"Lord, I want to feel better today.",, 08-Jun-2021,,
995,"Lord, keep the van's systems working properly",, 08-Jun-2021,,
996,"Lord, my aching tooth, help me get a dentist appointment today.",, 07-Jun-2021,,
997,Help me with the best attitude during our Bible study,, 04-Jun-2021,,
998,"Lord, facilitate the install of the new windshield in the Ram van",, 04-Jun-2021,,
999,This is a test prayer,07-Apr-2023,,none,
1000,This is a 2nd test prayer,07-Apr-2023,,none,
